{
  "Alcazar": "アルカサル",
  "amazon": "アマゾン",
  "Anguila": "アンギラ",
  "autumn-leaves": "紅葉",
  "BlueImpulse": "ブルーインパルス",
  "Bordeaux": "ボルドー",
  "Brazil": "ブラジル",
  "Calgary": "カルガリー",
  "Canada": "カナダ",
  "Cancun": "カンクン",
  "castle": "城",
  "Chile": "チリ",
  "Colombia": "コロンビア",
  "Disney": "ディズニー",
  "Donstia": "ドノスティア",
  "fireworks": "花火",
  "France": "フランス",
  "Guatapé": "グアタペ",
  "Huacachina": "ワカチナ",
  "Hyogo": "兵庫",
  "Ibaraki": "茨城",
  "isla mujeres": "イスラ・ムヘーレス",
  "Japan": "日本",
  "Kobe": "神戸",
  "Kyoto": "京都",
  "Los-Angeles": "ロサンゼルス",
  "Lyon": "リヨン",
  "Machu-Picchu": "マチュピチュ",
  "Madrid": "マドリード",
  "Marseille": "マルセイユ",
  "Mexico": "メキシコ",
  "Mont-Saint-Michel": "モン・サン・ミシェル",
  "Montevideo": "モンテビデオ",
  "mountain": "山",
  "Nagaoka": "長岡",
  "Nantes": "ナント",
  "News": "ニュース",
  "Nice": "ニース",
  "nightspot": "ナイトスポット",
  "Niigata": "新潟",
  "Osaka": "大阪",
  "Paris": "パリ",
  "Peru": "ペルー",
  "Phuket": "プーケット",
  "Pucón": "プコン",
  "Rennes": "レンヌ",
  "Saint-Martin": "サン・マルタン",
  "sea": "海",
  "Segovia": "セゴビア",
  "Shiga": "滋賀",
  "Sint-Maarten": "シント・マールテン",
  "snap": "スナップ",
  "Spain": "スペイン",
  "Sunrise": "日の出",
  "Sunset": "夕日",
  "Thailand": "タイ",
  "Toledo": "トレド",
  "United Kingdom": "イギリス",
  "United States": "アメリカ合衆国",
  "Uruguay": "ウルグアイ",
  "Vietnam": "ベトナム",
  "Yellowknife": "イエローナイフ",
  "Hokkaido": "北海道",
  "Aomori": "青森",
  "Iwate": "岩手",
  "Miyagi": "宮城",
  "Akita": "秋田",
  "Yamagata": "山形",
  "Fukushima": "福島",
  "Tochigi": "栃木",
  "Gunma": "群馬",
  "Saitama": "埼玉",
  "Chiba": "千葉",
  "Tokyo": "東京",
  "Kanagawa": "神奈川",
  "Toyama": "富山",
  "Ishikawa": "石川",
  "Fukui": "福井",
  "Yamanashi": "山梨",
  "Nagano": "長野",
  "Gifu": "岐阜",
  "Shizuoka": "静岡",
  "Aichi": "愛知",
  "Mie": "三重",
  "Nara": "奈良",
  "Wakayama": "和歌山",
  "Tottori": "鳥取",
  "Shimane": "島根",
  "Okayama": "岡山",
  "Hiroshima": "広島",
  "Yamaguchi": "山口",
  "Tokushima": "徳島",
  "Kagawa": "香川",
  "Ehime": "愛媛",
  "Kochi": "高知",
  "Fukuoka": "福岡",
  "Saga": "佐賀",
  "Nagasaki": "長崎",
  "Kumamoto": "熊本",
  "Oita": "大分",
  "Miyazaki": "宮崎",
  "Kagoshima": "鹿児島",
  "Okinawa": "沖縄"
}
